epoch,accuracy,loss,pr_auc,precision,roc_auc,sensitivity,val_accuracy,val_loss,val_pr_auc,val_precision,val_roc_auc,val_sensitivity,learning_rate
1,0.7141351699829102,0.591526210308075,0.5116438269615173,0.4225371181964874,0.7848979234695435,0.7230123281478882,0.4925800561904907,1.0043976306915283,0.5057303309440613,0.29459962248802185,0.7788088321685791,0.9349882006645203,0.0005000000237487257
2,0.7292555570602417,0.5694180727005005,0.5451815128326416,0.439835786819458,0.8014866709709167,0.7244113087654114,0.7760999798774719,0.5061171054840088,0.504379153251648,0.4930278956890106,0.7905917167663574,0.585106372833252,0.0005000000237487257
3,0.7432695627212524,0.5532791018486023,0.5685195922851562,0.45805802941322327,0.8131336569786072,0.7435299754142761,0.6870606541633606,0.6557973027229309,0.5686354041099548,0.3985176682472229,0.8152152895927429,0.826241135597229,0.0002500000118743628
4,0.748063862323761,0.5437914133071899,0.5821803212165833,0.46403035521507263,0.8194238543510437,0.7414315938949585,0.7518875002861023,0.5228168368339539,0.5796595215797424,0.45900383591651917,0.8179702162742615,0.7080378532409668,0.0002500000118743628
5,0.745482325553894,0.5398311614990234,0.5794146060943604,0.46118590235710144,0.8215012550354004,0.7507577538490295,0.7427753210067749,0.5320164561271667,0.5694011449813843,0.44914039969444275,0.8170982599258423,0.741134762763977,0.0002500000118743628
