threshold_type,threshold,accuracy,precision,sensitivity,recall,specificity,negative_predictive_value,f1_score,balanced_accuracy,roc_auc,pr_auc,average_precision,log_loss,true_negative,false_positive,false_negative,true_positive,sample_count,positive_count,negative_count
fixed_0.5,0.5,0.7518875292892476,0.4590038314176245,0.7080378250591016,0.7080378250591016,0.7642737896494157,0.902602523659306,0.5569502556950255,0.7361558073542587,0.8179274361919198,0.5795818113641357,0.5799982594046204,0.5020096136143702,2289,706,247,599,3841,846,2995
validation_youden,0.45586487650871277,0.739911481385056,0.44616467276565797,0.7494089834515366,0.7494089834515366,0.737228714524207,0.912396694214876,0.5593295103661227,0.7433188489878718,0.8179274361919198,0.5795818113641357,0.5799982594046204,0.5020096136143702,2208,787,212,634,3841,846,2995
