{
  "experiment_name": "centralized_dev_seed_11",
  "experiment_type": "centralized_development",
  "seed": 11,
  "python_version": "3.10.20 | packaged by conda-forge | (main, Jun 11 2026, 03:28:47) [Clang 19.1.7 ]",
  "tensorflow_version": "2.21.0",
  "platform": "macOS-26.5.1-arm64-arm-64bit",
  "physical_devices": [
    "PhysicalDevice(name='/physical_device:CPU:0', device_type='CPU')"
  ],
  "training_images": 18981,
  "validation_images": 3841,
  "requested_epochs": 5,
  "completed_epochs": 5,
  "best_epoch": 4,
  "best_validation_pr_auc": 0.5796595215797424,
  "training_seconds": 1030.0969641208649,
  "training_minutes": 17.16828273534775,
  "batch_size": 32,
  "learning_rate": 0.0005,
  "negative_class_weight": 0.6459637898175878,
  "positive_class_weight": 2.212753555607368,
  "metrics_threshold_0_5": {
    "threshold": 0.5,
    "accuracy": 0.7518875292892476,
    "precision": 0.4590038314176245,
    "sensitivity": 0.7080378250591016,
    "recall": 0.7080378250591016,
    "specificity": 0.7642737896494157,
    "negative_predictive_value": 0.902602523659306,
    "f1_score": 0.5569502556950255,
    "balanced_accuracy": 0.7361558073542587,
    "roc_auc": 0.8179274361919198,
    "pr_auc": 0.5795818113641357,
    "average_precision": 0.5799982594046204,
    "log_loss": 0.5020096136143702,
    "true_negative": 2289,
    "false_positive": 706,
    "false_negative": 247,
    "true_positive": 599,
    "sample_count": 3841,
    "positive_count": 846,
    "negative_count": 2995
  },
  "selected_validation_threshold": 0.45586487650871277,
  "metrics_selected_threshold": {
    "threshold": 0.45586487650871277,
    "accuracy": 0.739911481385056,
    "precision": 0.44616467276565797,
    "sensitivity": 0.7494089834515366,
    "recall": 0.7494089834515366,
    "specificity": 0.737228714524207,
    "negative_predictive_value": 0.912396694214876,
    "f1_score": 0.5593295103661227,
    "balanced_accuracy": 0.7433188489878718,
    "roc_auc": 0.8179274361919198,
    "pr_auc": 0.5795818113641357,
    "average_precision": 0.5799982594046204,
    "log_loss": 0.5020096136143702,
    "true_negative": 2208,
    "false_positive": 787,
    "false_negative": 212,
    "true_positive": 634,
    "sample_count": 3841,
    "positive_count": 846,
    "negative_count": 2995
  }
}