seed,learning_rate,maximum_epochs,completed_epochs,best_epoch,training_minutes,selected_threshold,accuracy,precision,sensitivity,specificity,f1_score,balanced_accuracy,roc_auc,pr_auc,average_precision,log_loss,true_negative,false_positive,false_negative,true_positive,accuracy_at_0_5,sensitivity_at_0_5,specificity_at_0_5,f1_score_at_0_5
11,0.0005,20,20,17,70.18072763284047,0.5301659107208252,0.7815673001822442,0.5028112449799197,0.7399527186761229,0.7933222036727879,0.5987565758010521,0.7666374611744554,0.841200266796118,0.6161689537150186,0.6167054411253395,0.47252615791799185,2376,619,220,626,0.7688102056756053,0.7588652482269503,0.771619365609349,0.5911602209944752
22,0.0005,20,14,10,53.11915573676427,0.41443008184432983,0.74355636552981,0.45255972696245733,0.7836879432624113,0.732220367278798,0.5737775854608395,0.7579541552706046,0.83605418013474,0.5986898643227598,0.5990877758345268,0.4495155308858309,2193,802,183,663,0.7794845092423848,0.7056737588652482,0.8003338898163606,0.5850073493385596
33,0.0005,20,15,11,52.347364433606465,0.6845529675483704,0.7029419422025515,0.4144927536231884,0.8451536643026005,0.662771285475793,0.5562038117464022,0.7539624748891968,0.8303216156162557,0.5897787779035506,0.5903047255231189,0.8263663858730209,1985,1010,131,715,0.48997656860192657,0.9704491725768322,0.35425709515859766,0.45598444876423216
