{
  "experiment_name": "fedavg_smoke_iid_seed_11",
  "experiment_type": "fedavg_smoke_test",
  "algorithm": "FedAvg",
  "partition_scheme": "iid",
  "seed": 11,
  "number_of_clients": 5,
  "federated_rounds": 2,
  "local_epochs": 1,
  "batch_size": 32,
  "learning_rate": 0.0005,
  "training_images": 18981,
  "validation_images": 3841,
  "patient_overlap_between_clients": 0,
  "global_class_weights": {
    "negative": 0.6459637898175878,
    "positive": 2.212753555607368
  },
  "aggregation_weighting": "client_training_sample_count",
  "optimizer_states_aggregated": false,
  "batch_normalization_weights_aggregated": true,
  "test_set_used": false,
  "best_round": 2,
  "best_validation_pr_auc": 0.3055116974227576,
  "initial_metrics_threshold_0_5": {
    "threshold": 0.5,
    "accuracy": 0.2202551418901328,
    "precision": 0.2202551418901328,
    "sensitivity": 1.0,
    "recall": 1.0,
    "specificity": 0.0,
    "negative_predictive_value": 0.0,
    "f1_score": 0.36099850650736076,
    "balanced_accuracy": 0.5,
    "roc_auc": 0.44540092431436157,
    "pr_auc": 0.19021934932823567,
    "average_precision": 0.19078633871310346,
    "log_loss": 0.7064646872742556,
    "true_negative": 0,
    "false_positive": 2995,
    "false_negative": 0,
    "true_positive": 846,
    "sample_count": 3841,
    "positive_count": 846,
    "negative_count": 2995
  },
  "final_metrics_threshold_0_5": {
    "threshold": 0.5,
    "accuracy": 0.2202551418901328,
    "precision": 0.2202551418901328,
    "sensitivity": 1.0,
    "recall": 1.0,
    "specificity": 0.0,
    "negative_predictive_value": 0.0,
    "f1_score": 0.36099850650736076,
    "balanced_accuracy": 0.5,
    "roc_auc": 0.6214103884725133,
    "pr_auc": 0.3055116974227576,
    "average_precision": 0.3067261558679717,
    "log_loss": 2.345812064485147,
    "true_negative": 0,
    "false_positive": 2995,
    "false_negative": 0,
    "true_positive": 846,
    "sample_count": 3841,
    "positive_count": 846,
    "negative_count": 2995
  },
  "round_history": [
    {
      "round": 0,
      "roc_auc": 0.44540092431436157,
      "pr_auc": 0.19021934932823567,
      "accuracy": 0.2202551418901328,
      "sensitivity": 1.0,
      "specificity": 0.0,
      "f1_score": 0.36099850650736076,
      "log_loss": 0.7064646872742556,
      "global_update_l2": 0.0,
      "round_seconds": 0.0
    },
    {
      "round": 1,
      "roc_auc": 0.5561761722650438,
      "pr_auc": 0.2469597508230112,
      "accuracy": 0.2202551418901328,
      "sensitivity": 1.0,
      "specificity": 0.0,
      "f1_score": 0.36099850650736076,
      "log_loss": 2.4199280820236995,
      "global_update_l2": 12.946320762720642,
      "round_seconds": 208.2839138507843
    },
    {
      "round": 2,
      "roc_auc": 0.6214103884725133,
      "pr_auc": 0.3055116974227576,
      "accuracy": 0.2202551418901328,
      "sensitivity": 1.0,
      "specificity": 0.0,
      "f1_score": 0.36099850650736076,
      "log_loss": 2.345812064485147,
      "global_update_l2": 9.841331126553127,
      "round_seconds": 215.62439513206482
    }
  ],
  "client_history": [
    {
      "round": 1,
      "client_id": 0,
      "client_seed": 1011,
      "images": 3796,
      "local_epochs": 1,
      "loss": 0.6355404853820801,
      "roc_auc": 0.737983226776123,
      "pr_auc": 0.42787837982177734,
      "update_l2": 15.255304565857477,
      "training_seconds": 40.89794206619263
    },
    {
      "round": 1,
      "client_id": 1,
      "client_seed": 1012,
      "images": 3796,
      "local_epochs": 1,
      "loss": 0.6151255965232849,
      "roc_auc": 0.7595545053482056,
      "pr_auc": 0.4822726547718048,
      "update_l2": 14.472265896090189,
      "training_seconds": 39.27967572212219
    },
    {
      "round": 1,
      "client_id": 2,
      "client_seed": 1013,
      "images": 3797,
      "local_epochs": 1,
      "loss": 0.621711015701294,
      "roc_auc": 0.7554232478141785,
      "pr_auc": 0.4727794826030731,
      "update_l2": 14.032834209974466,
      "training_seconds": 40.055793046951294
    },
    {
      "round": 1,
      "client_id": 3,
      "client_seed": 1014,
      "images": 3796,
      "local_epochs": 1,
      "loss": 0.621312141418457,
      "roc_auc": 0.7558091878890991,
      "pr_auc": 0.46442559361457825,
      "update_l2": 14.505116401290335,
      "training_seconds": 39.82075309753418
    },
    {
      "round": 1,
      "client_id": 4,
      "client_seed": 1015,
      "images": 3796,
      "local_epochs": 1,
      "loss": 0.6217220425605774,
      "roc_auc": 0.7547556161880493,
      "pr_auc": 0.4670887887477875,
      "update_l2": 14.464377223331587,
      "training_seconds": 39.05634117126465
    },
    {
      "round": 2,
      "client_id": 0,
      "client_seed": 2011,
      "images": 3796,
      "local_epochs": 1,
      "loss": 0.6079828143119812,
      "roc_auc": 0.7682968378067017,
      "pr_auc": 0.48873353004455566,
      "update_l2": 10.17843254823333,
      "training_seconds": 39.97091889381409
    },
    {
      "round": 2,
      "client_id": 1,
      "client_seed": 2012,
      "images": 3796,
      "local_epochs": 1,
      "loss": 0.5962489247322083,
      "roc_auc": 0.7814741134643555,
      "pr_auc": 0.4979414939880371,
      "update_l2": 11.669850621941915,
      "training_seconds": 43.06182503700256
    },
    {
      "round": 2,
      "client_id": 2,
      "client_seed": 2013,
      "images": 3797,
      "local_epochs": 1,
      "loss": 0.5940333604812622,
      "roc_auc": 0.782200813293457,
      "pr_auc": 0.5341445207595825,
      "update_l2": 11.559067252631655,
      "training_seconds": 41.6241090297699
    },
    {
      "round": 2,
      "client_id": 3,
      "client_seed": 2014,
      "images": 3796,
      "local_epochs": 1,
      "loss": 0.6035125255584717,
      "roc_auc": 0.7754133343696594,
      "pr_auc": 0.4865396022796631,
      "update_l2": 12.597709045265919,
      "training_seconds": 40.69401478767395
    },
    {
      "round": 2,
      "client_id": 4,
      "client_seed": 2015,
      "images": 3796,
      "local_epochs": 1,
      "loss": 0.5862448215484619,
      "roc_auc": 0.7906171679496765,
      "pr_auc": 0.5271875262260437,
      "update_l2": 11.442889284036667,
      "training_seconds": 40.92803502082825
    }
  ]
}