split,images,percentage_of_dataset,unique_patients,positive,negative,positive_fraction,PA,AP
train,18981,71.13251386598711,8148,4289,14692,0.22596280491017334,10345,8636
validation,3841,14.394393644131315,1658,846,2995,0.2202551418901328,2110,1731
test,3862,14.473092489881576,1646,877,2985,0.22708441222164683,2056,1806
